Uk≈Çad,Uk≈Çad,Pkt,üñê<br>%,header-row
Para,‚ñ†‚ñ†,,98,
Dwie Pary,‚ñ†‚ñ†_‚ñ†‚ñ†,,59,
Trzy Pary,‚ñ†‚ñ†_‚ñ†‚ñ†_‚ñ†‚ñ†,+6,4.8,
Ma≈Çy Strit,‚öÄ‚öÅ‚öÇ‚öÉ‚öÑ,=20,5.4,blue 
Du≈ºy Strit,‚öÅ‚öÇ‚öÉ‚öÑ‚öÖ,=30,5.4,blue 
Wielki Strit,‚öÄ‚öÅ‚öÇ‚öÉ‚öÑ‚öÖ,=40,1.5,blue 
Tr√≥jka,‚ñ†‚ñ†‚ñ†,,37,
Dwie Tr√≥jki,‚ñ†‚ñ†‚ñ†_‚ñ†‚ñ†‚ñ†,+12,0.7,
Full,‚ñ†‚ñ†‚ñ†_‚ñ†‚ñ†,,17,full
Wielki Full,‚ñ†‚ñ†‚ñ†‚ñ†_‚ñ†‚ñ†,+15,1,full
Kareta,‚ñ†‚ñ†‚ñ†‚ñ†,+10,5,yellow 
Poker,‚ñ†‚ñ†‚ñ†‚ñ†‚ñ†,+30,0.4,yellow 
Du≈ºy Poker,‚ñ†‚ñ†‚ñ†‚ñ†‚ñ†‚ñ†,+60,.01,yellow 
Du≈ºe,‚â• 4,,1.6,du≈ºe 
Ma≈Çe,‚â§ 3,,1.6,ma≈Çe 
P√≥≈Ç na p√≥≈Ç,‚ñ†‚ñ†‚ñ† par ‚ñ†‚ñ†‚ñ† niep <br>/<br> ‚ñ†‚ñ†‚ñ† ma≈Ç ‚ñ†‚ñ†‚ñ† du≈º,,1.6,p√≥≈Ç 
Parzyste,2‚à®4‚à®6,,1.6,parzyste 
Nieparzyste,1‚à®3‚à®5,,1.6,nieparzyste
OczkoüëÅ,suma ko≈õci r√≥wna 21,=21,9.3,oczko 
Punkty,suma oczek,,,
Przerzut,dodatkowy,,,small-height
Wynik ko≈Ñcowy,,,,wynik
Miejsce,,,,miejsce